,word,count
0,limited,3
1,you‚,1
2,curatorial,1
3,yellow,11
4,asian,15
5,appetite,1
6,hate,2
7,gabrielle,4
8,supermoist,1
9,eligible,1
10,mydunkin,1
11,igual,1
12,sorry,4
13,worth,92
14,updated,1
15,hitech,1
16,gritty,1
17,messy,7
18,vast,1
19,unexceptional,1
20,correct,5
21,broiled,1
22,flashy,1
23,reliable,10
24,enjoy,7
25,chew,2
26,29th,1
27,canele,1
28,consistent,4
29,almond,2
30,japanese,22
31,frosted,1
32,chef,2
33,elegant,3
34,second,41
35,fabulous,46
36,cheesegarlic,1
37,blue,39
38,established,1
39,beaten,2
40,deeeeelicious,1
41,new,708
42,admiral,1
43,told,2
44,kicked,1
45,festive,1
46,meh,6
47,cracked,1
48,dry,27
49,tooan,1
50,excelente,3
51,smoky,1
52,military,1
53,spotty,1
54,golden,5
55,fantastic,123
56,psychological,1
57,soybean,1
58,total,9
59,exactl,1
60,dongsoongdong,8
61,hospital,1
62,negative,5
63,hasidic,1
64,music,36
65,loooooong,1
66,recommend,3
67,survive,4
68,blueberry,2
69,wary,3
70,successful,3
71,georgian,3
72,aware,6
73,warm,1
74,excellent,60
75,hole,3
76,hold,1
77,outdated,1
78,dryaged,1
79,10minute,1
80,mr,1
81,im,9
82,addictive,14
83,decorative,1
84,looooong,1
85,give,29
86,indie,1
87,flung,1
88,micky,1
89,want,16
90,cantonese,4
91,indifferent,1
92,gargantuan,1
93,absolute,3
94,eng,2
95,provide,1
96,copious,1
97,ovenfresh,6
98,far,1
99,hot,187
100,gate,2
101,ordinary,2
102,sheshuan,1
103,regional,1
104,doable,1
105,mess,2
106,slightlymoreserious,1
107,decor,1
108,gaaaaareat,1
109,wrong,80
110,danny,1
111,ginormous,27
112,third,5
113,croissant,8
114,appreciate,2
115,green,98
116,ultimate,3
117,nonsensical,1
118,vary,4
119,oven,2
120,innovative,3
121,japan,1
122,talkative,1
123,fit,3
124,personal,19
125,magnetic,1
126,fig,3
127,violette,1
128,hidden,5
129,awfull,2
130,coffee,1
131,tourist,1
132,thee,1
133,safe,1
134,runny,1
135,caterpillar,1
136,bread,8
137,meat,2
138,crunchy,10
139,reasonable,56
140,acoustic,1
141,rosemary,14
142,meal,5
143,mean,15
144,financial,7
145,57th,1
146,2day,1
147,cathedral,4
148,hospitable,2
149,crucial,1
150,beauuudiful,1
151,smh,6
152,mulled,1
153,free,387
154,standard,19
155,icky,1
156,greasy,22
157,coffeestarved,1
158,enormous,3
159,ate,5
160,comfy,1
161,inexpensive,30
162,lousy,3
163,ish,8
164,prodigal,1
165,unappreciative,1
166,loud,7
167,industrial,1
168,email,1
169,provencal,2
170,delicious,734
171,sober,1
172,comic,1
173,saut√,1
174,electronic,1
175,spinach,1
176,top,58
177,tired,1
178,twisted,1
179,plentiful,1
180,liquidy,1
181,40th,2
182,koew,4
183,uppercrust,1
184,esoteric,1
185,western,1
186,matin√,1
187,unsanitary,2
188,peculiar,2
189,ew,2
190,likely,8
191,suree,1
192,historical,2
193,10th,1
194,este,1
195,rad,1
196,donegal,1
197,ral,1
198,modern,14
199,flavorful,27
200,mine,5
201,raw,3
202,homecooked,9
203,lunchtime,1
204,mint,1
205,alive,1
206,brunchbreakfast,1
207,convenient,9
208,hellwalked,1
209,da,1
210,amusing,2
211,agressive,1
212,49th,1
213,45th,1
214,gravy,9
215,mashed,2
216,rumble,1
217,regular,53
218,mouth,1
219,plenty,6
220,mustardfree,1
221,don,1
222,mushy,2
223,medical,1
224,metal,1
225,pineapple,3
226,entertaining,1
227,incomplete,1
228,seasonal,10
229,penang,1
230,minimalistic,1
231,participate,1
232,earth,14
233,toast,5
234,busy,22
235,shellfish,4
236,quaint,1
237,bliss,1
238,rich,9
239,tropic,1
240,adequate,2
241,codfish,1
242,plate,1
243,colorful,1
244,watch,1
245,scalable,1
246,watermelon,1
247,hitmiss,1
248,nasty,10
249,botanical,4
250,bar,4
251,bag,1
252,bad,212
253,grilled,41
254,steak,14
255,automatic,2
256,fragrant,2
257,fair,9
258,fluffy,8
259,resist,2
260,horrendous,3
261,miserable,6
262,seollentang,1
263,48th,1
264,inappropriate,1
265,orgasmic,1
266,meditative,1
267,lazy,6
268,omg,1
269,44th,1
270,weak,12
271,weary,1
272,slovakian,1
273,thetic,1
274,fattoush,1
275,d«,1
276,ill,4
277,hummus,1
278,asked,1
279,30th,1
280,archetypical,1
281,can‚,1
282,courtious,1
283,josh,1
284,cobble,2
285,2nd,1
286,colombian,3
287,trust,1
288,speak,2
289,beef,2
290,tiny,16
291,ever,1
292,confident,1
293,much,59
294,okayish,1
295,basil,1
296,flexible,1
297,fry,1
298,website,2
299,unapproachable,1
300,veggieshealthy,1
301,sprite,1
302,eastern,1
303,hennessy,1
304,spic,1
305,chile,1
306,child,1
307,gracious,3
308,east,17
309,gyal,1
310,friedfish,1
311,kentucky,1
312,n,2
313,near,1
314,melted,2
315,neat,2
316,allnatural,2
317,mongolian,1
318,paperthin,1
319,metropolitan,1
320,broth,1
321,ir,1
322,exeptible,1
323,cant,37
324,upscale,1
325,uncle,1
326,id,8
327,hong,3
328,complex,2
329,vegetable,48
330,several,12
331,toasted,5
332,european,3
333,unbearable,1
334,hang,3
335,delight,1
336,norwegian,1
337,garlic,115
338,jealous,1
339,kid,13
340,tunaasian,1
341,smokey,2
342,huuuge,1
343,humble,7
344,hispanic,2
345,hearty,2
346,borsh,1
347,smoked,3
348,corporate,8
349,musical,1
350,dinneropen,1
351,1hr,1
352,kale,2
353,quintessential,2
354,human,1
355,previous,3
356,jose,1
357,cherry,1
358,royal,20
359,topical,1
360,mang√∫,1
361,advanced,3
362,easy,323
363,pitiful,2
364,save,1
365,phenominal,1
366,possible,10
367,awhile,7
368,discreet,4
369,sanitary,6
370,unique,15
371,burnt,7
372,bushy,16
373,shaped,1
374,54yearold,1
375,theyre,4
376,specific,2
377,mescal,1
378,right,2
379,dean,1
380,crowd,1
381,dead,5
382,captive,1
383,dear,1
384,multiple,3
385,suuuch,1
386,phenomenal,21
387,creative,14
388,unmissable,1
389,adorable,8
390,bold,7
391,speical,1
392,unorganized,1
393,defensive,1
394,memorable,5
395,super,18
396,chilean,4
397,inedible,5
398,curry,4
399,kurant,1
400,sandwichdelicious,1
401,n√,3
402,respectable,2
403,oolong,1
404,formidable,1
405,soy,1
406,old,105
407,mcdouble,1
408,deal,1
409,initial,4
410,stuck,1
411,overhead,2
412,unpretentious,3
413,wat,1
414,happy,52
415,questionable,4
416,amateur,1
417,abysmal,1
418,paypal,1
419,heat,4
420,hear,1
421,macy‚,1
422,pizza,1
423,true,22
424,sandwichthere,1
425,tengan,1
426,vive,1
427,inside,6
428,kitschy,1
429,taque√,1
430,emotional,2
431,glitchy,1
432,hotter,1
433,scicilian,1
434,classic,47
435,peruvian,7
436,sinful,3
437,sticky,4
438,jaspy,1
439,notquitesohealthy,1
440,mediocre,21
441,43rd,2
442,physical,1
443,marinated,1
444,tip,1
445,ny,1
446,republic,1
447,ambitious,1
448,digital,2
449,59th,1
450,welcome,1
451,polite,8
452,diet,1
453,belive,1
454,variable,1
455,napole√≥n,1
456,congested,24
457,dayearly,1
458,daily,27
459,seitan,3
460,serious,20
461,crazyyy,3
462,bfast,2
463,blackandwhite,4
464,global,1
465,steak,1
466,deliiiish,1
467,grateful,1
468,llc,1
469,21st,4
470,yummy,49
471,freeish,1
472,yummm,1
473,veg,1
474,unpleasant,2
475,couscous,1
476,here‚,1
477,375bowlgreat,1
478,jappychic,1
479,antisemetic,1
480,electric‚,1
481,vegan,9
482,sloppy,4
483,wenny,1
484,trouble,2
485,blast,4
486,cool,31
487,dim,4
488,impressive,7
489,12th,1
490,speciali,1
491,senegal,2
492,inauspicious,1
493,settle,1
494,quick,84
495,guy,1
496,yall,1
497,upper,10
498,olympic,1
499,unexpected,3
500,regret,1
501,attic,1
502,dried,2
503,cosy,1
504,posh,1
505,fillet,1
506,current,8
507,international,3
508,ridic,1
509,mah√,1
510,funeral,4
511,french,27
512,goldfish,1
513,canadian,2
514,healthy,48
515,guilty,1
516,marble,4
517,priceless,36
518,weird,15
519,bearable,1
520,love,10
521,extra,59
522,problematic,1
523,ethiopian,3
524,bloody,1
525,marvelous,2
526,coleslawsized,1
527,stingy,1
528,trinidad,1
529,betsy,1
530,perf,1
531,positive,1
532,dukin,1
533,creamy,5
534,live,37
535,frothy,2
536,msg,1
537,australian,2
538,168th,1
539,vous,1
540,drinkable,2
541,hig√ºeral,1
542,acceptable,3
543,chocolate,16
544,visual,1
545,olive,16
546,sƒ,1
547,salvadorean,1
548,edible,9
549,soul,4
550,cat,5
551,sous,1
552,sapanish,2
553,ull,4
554,cal,2
555,arrive,4
556,plentyfull,1
557,crazy,21
558,awesome,9
559,wellbubble,1
560,privateyy,1
561,eggsmarvelous,1
562,chic,8
563,swedish,2
564,productive,1
565,2liter,1
566,chemical,1
567,fourth,2
568,unforgettable,1
569,opci√≥n,1
570,pint,1
571,√ºber,1
572,unbelievable,16
573,overall,20
574,dive,21
575,southern,3
576,latte,3
577,laxative,1
578,4th,2
579,mad,2
580,such,48
581,filthy,2
582,egotistical,4
583,natural,13
584,6th,3
585,st,2
586,fluent,1
587,african,2
588,typical,21
589,drunken,1
590,cute,54
591,unacceptable,2
592,kong,3
593,cold,39
594,overhaul,1
595,9th,4
596,curly,1
597,lackluster,2
598,interesting,23
599,amazing,1
600,spacious,18
601,main,38
602,amazingggg,1
603,tonic,1
604,chiese,1
605,lunch,6
606,unimpressive,2
607,wont,3
608,slurp,1
609,january,2
610,aforadable,1
611,wond,1
612,realistic,1
613,twentycant,1
614,sugary,1
615,square,10
616,eh,1
617,balanced,1
618,becky,1
619,happen,1
620,3rd,7
621,communal,1
622,internet,1
623,ble,1
624,astral,1
625,bragh,1
626,3day,1
627,charcoaled,1
628,ivan,1
629,weaklong,1
630,quite,2
631,complicated,1
632,cough,2
633,care,6
634,patronage,1
635,frenchmediterranean,1
636,modest,1
637,british,1
638,funky,3
639,massive,11
640,bingeable,1
641,yue,1
642,frequent,1
643,first,99
644,exotic,3
645,cheese,181
646,constantly,1
647,reopen,1
648,long,101
649,spanish,16
650,carry,1
651,impossible,4
652,open,135
653,cheesy,15
654,little,81
655,bite,3
656,earthy,2
657,plastic,7
658,tragic,1
659,stuffed,2
660,white,49
661,friend,1
662,eponymous,5
663,ridiculous,14
664,quirky,1
665,homesite,1
666,ciderdelicious,1
667,wide,9
668,scrumptious,4
669,caf√,1
670,future,4
671,aesthetic,1
672,notsosharp,1
673,gigantic,1
674,sublime,2
675,delic,6
676,elieve,1
677,bolognese,1
678,sad,13
679,comedian,4
680,breakfast,39
681,sat,4
682,lumpy,1
683,hawaiian,2
684,efficient,67
685,terrific,20
686,ideal,4
687,potential,3
688,hookah,1
689,interior,2
690,inky,1
691,sure,226
692,amiable,1
693,normal,14
694,librarian,1
695,microwaved,1
696,cuban,1
697,surprising,1
698,bestitalian,1
699,average,28
700,later,29
701,hungry,10
702,professional,5
703,salt,2
704,shot,1
705,redick,1
706,ginseng,1
707,speakeasy,3
708,cheap,2
709,contemporary,5
710,corned,9
711,middleeastern,1
712,bright,3
713,brasilian,1
714,aggressive,5
715,fifth,4
716,1899bottle,1
717,righteous,2
718,slow,170
719,24hr,3
720,charmless,1
721,outside,10
722,dull,1
723,only,90
724,black,37
725,daal,1
726,53rd,1
727,africanamerican,1
728,hungarian,1
729,truly,1
730,simplistic,4
731,espetacular,4
732,prime,2
733,malaysian,1
734,heresomeday,1
735,naked,1
736,delitious,1
737,stupid,6
738,16th,1
739,smoothy,1
740,espn,1
741,burst,1
742,asleep,1
743,sean,2
744,staffed,1
745,g√ºn,1
746,enough,12
747,chewy,3
748,herbal,5
749,whipped,2
750,affordable,51
751,august,2
752,vertical,1
753,chikenhomous,1
754,spare,2
755,cedric,1
756,rubrato‚,1
757,many,73
758,quiet,34
759,sketchy,3
760,tous,1
761,nearby,11
762,endless,2
763,glutinous,3
764,pop,1
765,liberal,1
766,bizarre,1
767,nicole,2
768,unusual,2
769,teddy,1
770,west,1
771,inclusive,1
772,brotastic,1
773,tropical,3
774,flakesunpretentious,1
775,dependable,2
776,peaceful,4
777,mary,4
778,tasteless,1
779,savory,5
780,rawkin,1
781,delicioooooous,1
782,aangaan,1
783,attentive,24
784,former,10
785,seventyfive,1
786,blowfish,1
787,resturant,1
788,squeezed,6
789,ive,142
790,alcoholic,1
791,blah,4
792,sudden,1
793,obnoxious,4
794,everyday,1
795,candied,1
796,different,47
797,harsh,4
798,siberian,1
799,same,148
800,mole,1
801,182nameless,1
802,pad,2
803,catfish,6
804,damon,1
805,noble,4
806,finish,6
807,sharable,1
808,tipsy,1
809,arctic,1
810,delicate,1
811,ringside,1
812,complained,9
813,omelette,1
814,perennial,1
815,delectable,1
816,magical,5
817,caliente,1
818,46th,1
819,precauci√≥n,1
820,jersey,1
821,gorsh,1
822,amazed,1
823,charged,1
824,outdoor,3
825,knowledgeable,10
826,saltfish,18
827,slimy,1
828,civilized,1
829,cocobread,1
830,touch,2
831,polish,12
832,flavor,2
833,weekly,1
834,clueless,1
835,misspecified,1
836,rosy,1
837,heezy,1
838,extensive,8
839,real,111
840,northeast,1
841,anchovy,1
842,spectacular,14
843,read,3
844,dark,6
845,grid,1
846,darn,1
847,lady,1
848,rear,1
849,rocky,1
850,kelime,1
851,clad,1
852,gimme,1
853,attrntive,1
854,robbery,1
855,served,2
856,intestinal,1
857,satisfactory,1
858,pushy,6
859,pickled,1
860,divine,4
861,gross,8
862,caribbean,15
863,flatlantic,1
864,legal,2
865,nutty,1
866,incr√,4
867,boat,1
868,23rd,2
869,moderate,1
870,zlƒ,1
871,sephardic,1
872,roast,9
873,intimate,9
874,iconic,13
875,hectic,6
876,exciting,1
877,central,23
878,oh,5
879,favorite,154
880,youve,10
881,chive,3
882,carribean,2
883,skunky,1
884,homeless,2
885,elementary,1
886,putang,1
887,yous,240
888,a√,1
889,prepare,1
890,alleged,1
891,strict,1
892,racist,1
893,low,32
894,brazilian,6
895,hysterical,1
896,immaculate,4
897,allergic,1
898,complete,10
899,fanatic,1
900,newrestaurant,1
901,haitian,5
902,rush,1
903,dominican,3
904,strawberry,2
905,jamaican,1
906,dirty,11
907,espectacular,1
908,usted,1
909,expect,1
910,palate,4
911,johnny,2
912,taste,6
913,certain,73
914,al,10
915,general,79
916,tasty,68
917,yummmy,1
918,aromatic,5
919,tight,5
920,braided,1
921,poor,23
922,polar,1
923,separate,39
924,forgettable,1
925,pear,4
926,torched,1
927,important,4
928,fresh,462
929,koshary,4
930,snackernibble,1
931,deluxe,3
932,original,22
933,sicilian,14
934,holeinthewall,1
935,chinese,91
936,beware,2
937,thoughtful,1
938,parmesan,2
939,dish,20
940,follow,1
941,careful,27
942,remarkable,1
943,meltinyourmouth,1
944,cheese‚,1
945,preserved,1
946,smile,15
947,te,1
948,song,7
949,very,9
950,fat,30
951,worst,2
952,awful,32
953,steve,1
954,heaven,3
955,large,99
956,small,244
957,teh,1
958,past,15
959,design,1
960,further,2
961,casual,11
962,gung,1
963,crust,3
964,fleur,1
965,apologized,1
966,public,13
967,multinational,1
968,full,77
969,savvy,1
970,meeean,1
971,unprofessional,3
972,loose,1
973,ubicaci√≥n,1
974,nycvegas,1
975,excess,2
976,strong,33
977,newish,1
978,personable,3
979,bible,1
980,vegetarian,39
981,vietnamese,2
982,creepy,1
983,arent,1
984,social,14
985,sweetness,1
986,whimsical,1
987,firm‚,1
988,guacamole,5
989,panamanian,1
990,marginal,1
991,rican,1
992,smal,1
993,discountspecial,1
994,rustic,4
995,foursquare,4
996,unrecognizable,1
997,gorgeous,46
998,tacky,2
999,flat,16
1000,stylistic,2
1001,particular,10
1002,known,1
1003,glad,6
1004,aspirational,1
1005,sucky,2
1006,middle,1
1007,recall,1
1008,male,4
1009,spontaneous,1
1010,scramble,4
1011,def,2
1012,beautiful,87
1013,atrocious,4
1014,salted,2
1015,brown,5
1016,accept,11
1017,yƒ,1
1018,minimum,10
1019,salty,3
1020,necesary,1
1021,sharp,3
1022,pong,2
1023,sweetish,1
1024,durian,1
1025,huge,114
1026,respective,1
1027,saltyjust,1
1028,individualistic,1
1029,speedy,1
1030,stir,1
1031,goat,20
1032,sandwich,3
1033,ubiquitous,1
1034,tried,7
1035,rude,35
1036,petite,1
1037,sneak,1
1038,gloppy,1
1039,unfamiliar,1
1040,authentic,80
1041,short,38
1042,crowded,1
1043,coat,2
1044,shady,2
1045,overnight,1
1046,anytime,1
1047,overeasy,1
1048,overcooked,1
1049,egg,3
1050,mexican,14
1051,developed,1
1052,dine,1
1053,isnt,2
1054,dough,5
1055,goldish,9
1056,greate,1
1057,unhealthy,2
1058,style,2
1059,cafetal,1
1060,call,1
1061,vaiing‚,1
1062,late,84
1063,timely,1
1064,good,2338
1065,disrespectful,1
1066,lite,1
1067,szechuan,4
1068,crowed,1
1069,adventurous,18
1070,appletree,2
1071,fantasy,1
1072,teas,1
1073,difficult,7
1074,exquisite,4
1075,2k,9
1076,heavy,17
1077,fish,91
1078,hard,105
1079,it‚,2
1080,great‚,1
1081,tonite,1
1082,connect,2
1083,thick,1
1084,it,1
1085,silky,1
1086,oldworld,1
1087,150th,1
1088,kaldƒ,1
1089,expansive,2
1090,pathetic,2
1091,friday,1
1092,pleasant,12
1093,extraordinary,10
1094,shish,4
1095,spetacular,4
1096,terrible,65
1097,american,20
1098,unaware,1
1099,w,1
1100,shangdong,1
1101,ukrai≈,1
1102,kmasƒ,1
1103,major,14
1104,dont,28
1105,radical,1
1106,barbarian,1
1107,fantabulous,2
1108,miss,2
1109,maple,1
1110,barrestaurant,1
1111,impeccable,3
1112,20500daily,16
1113,5th,1
1114,kentuckian,1
1115,s√ºper,1
1116,wonderful,62
1117,store,1
1118,divine,1
1119,genny,1
1120,servicegreat,1
1121,immediate,5
1122,sizable,1
1123,passersby,1
1124,prodigious,1
1125,kind,14
1126,double,53
1127,prices,1
1128,outrageous,5
1129,tummy,1
1130,delishhhhhhh,1
1131,stale,3
1132,outstanding,16
1133,wasnt,3
1134,grilledtoasted,1
1135,decadent,3
1136,substantial,2
1137,blissful,1
1138,aged,1
1139,vulnerable,2
1140,lid,1
1141,fermented,1
1142,lic,10
1143,check,1
1144,cave,1
1145,accountable,1
1146,couch,3
1147,moist,7
1148,unremarkable,4
1149,added,1
1150,electric,2
1151,salmon,4
1152,jst,1
1153,kar,1
1154,hauntedhappy,1
1155,otarian,1
1156,‚,1
1157,mobile,9
1158,clear,13
1159,traditional,17
1160,artistic,1
1161,clean,70
1162,probiotic,1
1163,jalape√,3
1164,blended,4
1165,moroccan,1
1166,melt,1
1167,soughtafter,1
1168,find,3
1169,gilded,1
1170,giant,14
1171,northern,3
1172,nervous,1
1173,unhappy,2
1174,ar≈,4
1175,maaaaarvelous,1
1176,triangle,1
1177,sunny,4
1178,prebought,1
1179,famous,18
1180,remedy,2
1181,hic,2
1182,breast,6
1183,proust,1
1184,unenjoyable,1
1185,oncevegan,1
1186,28day,1
1187,common,2
1188,sustainable,2
1189,deelish,2
1190,courteous,8
1191,halaal,1
1192,insane,2
1193,pizzaheaven,1
1194,plausible,1
1195,individual,6
1196,bare,1
1197,estar√,1
1198,tender,8
1199,close,23
1200,11th,1
1201,tomatoonionchipotle,1
1202,distinctive,2
1203,wor,1
1204,various,9
1205,acompa√,1
1206,acidic,1
1207,donate,1
1208,numerous,1
1209,available,54
1210,latin,1
1211,complementary,1
1212,sole,2
1213,cheaphealthy,1
1214,porkbean,1
1215,dane,1
1216,league,2
1217,last,84
1218,hesitant,1
1219,restaurant,10
1220,influential,1
1221,annual,6
1222,hi√,1
1223,eggplant,11
1224,whole,52
1225,experimental,1
1226,subpar,1
1227,liked,1
1228,delightlic,1
1229,luxurious,1
1230,drunk,4
1231,simple,35
1232,sweet,247
1233,jang,1
1234,wellaged,1
1235,dietary,1
1236,scottish,1
1237,crispy,9
1238,expensive,63
1239,monthly,1
1240,create,2
1241,political,1
1242,due,7
1243,peppery,1
1244,empty,12
1245,kathy,1
1246,entr√,4
1247,assorted,1
1248,mind,6
1249,pricey,4
1250,gal,1
1251,argentinian,1
1252,solid,41
1253,straight,16
1254,tolerate,1
1255,sesame,1
1256,brilliant,3
1257,don‚,1
1258,behavior,1
1259,fun,5
1260,sizeable,2
1261,ducky,1
1262,portugal,1
1263,moth,2
1264,mystic,2
1265,xian,4
1266,karmic,1
1267,disappointing,8
1268,ecstasy,1
1269,greatvery,1
1270,ready,16
1271,rid,2
1272,funny,37
1273,lengthy,1
1274,presentable,1
1275,belong,1
1276,kalbbqatomic,1
1277,grand,1
1278,lenient,1
1279,prerequisite,1
1280,fatty,5
1281,comprehensive,1
1282,pomegranate,2
1283,neaby,1
1284,infamous,2
1285,recent,1
1286,early,47
1287,noodle,1
1288,picky,2
1289,bitter,9
1290,iffy,1
1291,concrete,1
1292,swiss,217
1293,traffic,3
1294,cous,2
1295,ludicrous,1
1296,competitive,2
1297,atomic,1
1298,babaganosh,1
1299,roasted,1
1300,homesuch,1
1301,doral,1
1302,alternative,1
1303,informal,1
1304,disappointed,2
1305,queen,1
1306,alternate,1
1307,guaranteed,1
1308,complaint,1
1309,big,174
1310,unlimited,4
1311,shitty,2
1312,formal,1
1313,good,1
1314,wingsyummy,1
1315,d,1
1316,nonalcoholic,1
1317,signal,1
1318,multicultural,1
1319,babaganoush,1
1320,popular,23
1321,stylish,2
1322,minced,1
1323,essential,4
1324,google,2
1325,humorous,1
1326,magnificent,1
1327,passiveaggressive,1
1328,economic,2
1329,mmmmm,1
1330,28th,1
1331,trendy,1
1332,curious,1
1333,irresistible,2
1334,smallish,1
1335,mackeral,1
1336,epic,14
1337,cashonly,1
1338,patient,1
1339,bc,1
1340,ufc,1
1341,rue,4
1342,jazzy,1
1343,perky‚,1
1344,stew,2
1345,bukharian,1
1346,intense,4
1347,cautious,1
1348,wouldnt,3
1349,delish,130
1350,oatmeal,2
1351,livingsocial,1
1352,complimentary,12
1353,goodn,1
1354,inte,1
1355,accessible,1
1356,cheesesteak,3
1357,fast,53
1358,3topping,4
1359,salvadorian,1
1360,newfresh,1
1361,jewish,1
1362,healthful,1
1363,buttery,1
1364,atlantic,1
1365,library,1
1366,fishy,3
1367,russian,15
1368,junior,1
1369,posted,1
1370,4ever,1
1371,intuitive,1
1372,ur,6
1373,fried,82
1374,similar,11
1375,doesn,1
1376,char,1
1377,single,8
1378,diverse,1
1379,chat,1
1380,nautical,1
1381,graceful,1
1382,cafe,1
1383,vietnamesev√,1
1384,actionable,1
1385,intrepid,1
1386,lemon,2
1387,peach,1
1388,invalid,1
1389,nick,1
1390,electrical,2
1391,nat,1
1392,manhattan,4
1393,nice,383
1394,shanghainese,1
1395,cellar,1
1396,haba√,1
1397,flatbush,1
1398,evan,7
1399,wellworth,1
1400,afrobrazilian,1
1401,springsteen,1
1402,wonton,1
1403,e,1
1404,nast,1
1405,walked,1
1406,cooked,3
1407,paramedic,1
1408,leah,1
1409,partial,2
1410,baruch,1
1411,guanciale‚,1
1412,flavored‚,1
1413,cheerful,2
1414,chewable,1
1415,turkish,11
1416,itll,4
1417,young,45
1418,literary,1
1419,culinary,1
1420,friendly,69
1421,ingredient,1
1422,nichole,1
1423,garden,1
1424,yescash,1
1425,boozy,1
1426,bryant,1
1427,snide,1
1428,entire,11
1429,prefect,1
1430,magic,19
1431,stiff,1
1432,asparagus,1
1433,tre,1
1434,try,9
1435,havent,4
1436,bisquey,4
1437,trilingual,1
1438,tunisian,1
1439,mediterranean,4
1440,mural,9
1441,uncomfortable,4
1442,abominable,2
1443,odd,8
1444,dirtyhorrible,1
1445,delicous,3
1446,sweaty,2
1447,unhelpful,2
1448,19th,1
1449,indian,23
1450,ginny,1
1451,bird,1
1452,cozy,22
1453,frenchasian,1
1454,sexy,8
1455,1party,1
1456,great,2222
1457,joe‚,1
1458,receive,3
1459,aweful,1
1460,titanic,1
1461,snobby,1
1462,forbid,1
1463,ceasar,2
1464,private,26
1465,4people,1
1466,duck,1
1467,ninth,1
1468,macncheese,2
1469,illegal,4
1470,levant,1
1471,next,58
1472,few,89
1473,naanbig,1
1474,timetable,1
1475,belgian,2
1476,deadmusic,1
1477,aguacate,1
1478,rubbish,1
1479,rare,1
1480,inattentive,5
1481,chipotle,2
1482,salad,20
1483,ride,1
1484,gfree,1
1485,unreal,5
1486,obvious,2
1487,thin,18
1488,closing,2
1489,didnt,4
1490,kenny,1
1491,high,134
1492,modasian,1
1493,oniony,1
1494,tal,2
1495,enrique,1
1496,native,1
1497,lame,2
1498,brian,3
1499,animal,2
1500,cual,2
1501,comedy,2
1502,fare,1
1503,yellowish,1
1504,entree,2
1505,y,1
1506,stop,2
1507,ethnic,1
1508,upstate,2
1509,chocoholic,1
1510,colombianpride,1
1511,poached,5
1512,light,36
1513,rantic,1
1514,redundant,1
1515,bakery,1
1516,encyclopedic,1
1517,classy,1
1518,paan,1
1519,soggy,1
1520,unpalatable,1
1521,knowledgable,3
1522,gigante,1
1523,whilst,1
1524,maaaad,1
1525,perfect,28
1526,superior,27
1527,filete,1
1528,dr,1
1529,nostalgic,1
1530,dogfish,2
1531,orange,6
1532,nommy,1
1533,artisanal,3
1534,gaarlic,1
1535,dan,1
1536,legendary,5
1537,front,4
1538,february,6
1539,standoffish,1
1540,radiant,4
1541,feast,2
1542,edin,4
1543,erratic,1
1544,watery,1
1545,l√,2
1546,related,1
1547,hamb√∫rguer,1
1548,recomendable,1
1549,special,317
1550,matt,1
1551,boutique,1
1552,oriental,1
1553,socalled,1
1554,hilarious,5
1555,honorable,1
1556,red,11
1557,wizard,1
1558,que,4
1559,aplogetic,1
1560,organic,16
1561,avesnext,4
1562,david,1
1563,outlandish,1
1564,retail,2
1565,south,3
1566,ethical,1
1567,extremelyhelpful,1
1568,toughchewy,1
1569,fooddelicious,1
1570,final,6
1571,gummy,1
1572,gear,1
1573,shallow,4
1574,elite,2
1575,ghanaian,1
1576,loved,1
1577,ben,1
1578,bubble,344
1579,tommy,1
1580,yorgunluƒ,1
1581,steep,5
1582,dusty,1
1583,imaginative,1
1584,comfortable,13
1585,tonight,2
1586,halal,9
1587,have,8
1588,screw,1
1589,soak,1
1590,kristy,1
1591,mic,2
1592,able,6
1593,mid,1
1594,bus,1
1595,korean,15
1596,useful,4
1597,deny,1
1598,enthusiastic,1
1599,atypical,2
1600,upset,3
1601,scrambled,2
1602,absurd,1
1603,mechanical,1
1604,skinny,1
1605,atmosphere,1
1606,exclusive,3
1607,doughy,1
1608,deeeeeelightfuldelightful,1
1609,nowah,1
1610,dorothy,1
1611,chicken,26
1612,itallian,1
1613,principal,1
1614,noir,1
1615,noonjean,1
1616,terminal,6
1617,myriad,1
1618,gluttonous,1
1619,local,90
1620,meant,1
1621,handle,1
1622,exceptional,10
1623,beat,14
1624,unbeatable,11
1625,cranky,2
1626,lucky,7
1627,bear,1
1628,warmsheesh,1
1629,pancettatopped,1
1630,joint,10
1631,bean,12
1632,earlybig,1
1633,tbd,1
1634,romantic,10
1635,shy,2
1636,dangerous,1
1637,inventive,2
1638,national,9
1639,taiwanese,1
1640,cliveden,1
1641,desperate,1
1642,packed,2
1643,fantistic,1
1644,horrible,138
1645,unedable,1
1646,youll,33
1647,seafoodcentric,1
1648,unbelieveable,1
1649,pass√,4
1650,nutritious,1
1651,willing,4
1652,key,22
1653,kew,1
1654,precious,2
1655,optional,2
1656,legit,6
1657,undrinkable,1
1658,equal,1
1659,attentative,1
1660,atleast,1
1661,bamcaf√,1
1662,glorious,1
1663,comment,1
1664,invisible,1
1665,table,61
1666,worldirresistable,1
1667,tremendous,1
1668,decent,30
1669,balsamic,5
1670,marilyn,1
1671,permanent,1
1672,seasoned,1
1673,waste,5
1674,carbconscious,1
1675,sevenlong,1
1676,manchurian,1
1677,crappy,2
1678,crispyfantastic,1
1679,caprese,1
1680,brunch,1
1681,fellow,2
1682,vvvvveeeeerrrryyyy,1
1683,present,2
1684,lebanese,1
1685,theyve,3
1686,homey,1
1687,pretentious,4
1688,wunderwurst,1
1689,wild,1
1690,dad,1
1691,mejor,7
1692,chaotic,6
1693,squid,2
1694,site,2
1695,gothic,4
1696,arabic,3
1697,generic,3
1698,eric,2
1699,eclectic,5
1700,party,1
1701,oldschoolmad,1
1702,incorrect,1
1703,unconventional,1
1704,dkcentraal,1
1705,beast,2
1706,orbasƒ,1
1707,dust,1
1708,magician,1
1709,mosaic,1
1710,off,2
1711,english,22
1712,weeklive,1
1713,caramelized,3
1714,usual,23
1715,spherical,1
1716,vitalicious,1
1717,greatjust,1
1718,accurate,6
1719,domestic,1
1720,tough,5
1721,paul,1
1722,generous,23
1723,rapid,1
1724,superthin,1
1725,residential,1
1726,theeeeeeeeeeeeee,1
1727,drive,43
1728,sky,1
1729,nacional,1
1730,cakey,1
1731,add,3
1732,other,175
1733,attractive,1
1734,sonic,1
1735,definitive,1
1736,ample,2
1737,crushed,4
1738,historic,3
1739,milanese,1
1740,facial,1
1741,passable,2
1742,dondurmamdashstretchy,1
1743,debatable,1
1744,necessary,4
1745,helpful,28
1746,garlicky,3
1747,awesomely,4
1748,sized,25
1749,soft,35
1750,sourdough,1
1751,italian,107
1752,shmear,1
1753,rachel‚,1
1754,retractable,1
1755,classical,1
1756,metronorth,1
1757,hail,1
1758,unfunny,1
1759,avoid,9
1760,lean,1
1761,delightful,7
1762,14th,1
1763,wong,1
1764,bang,1
1765,economical,2
1766,truffle,5
1767,birthday,1
1768,journal,1
1769,stellar,12
1770,worthy,3
1771,fluorescent,1
1772,noisy,8
1773,actual,13
1774,albanian,1
1775,flaky,5
1776,perky,1
1777,seedy,1
1778,cupcakephenomenal,1
1779,agradable,1
1780,own,54
1781,argumentative,1
1782,ajillo,1
1783,chronic,1
1784,doesnt,3
1785,lung,1
1786,female,5
1787,decentvery,1
1788,stumptown,1
1789,mere,5
1790,wack,2
1791,van,2
1792,additional,6
1793,elastic,6
1794,noxious,1
1795,splintered,1
1796,pi√,1
1797,caviar,1
1798,recommendable,1
1799,dynamite,1
1800,buy,1
1801,north,7
1802,bosnian,1
1803,basic,12
1804,liquor,1
1805,eat,46
1806,versatile,2
1807,wfarmtotable,1
1808,wish,7
1809,beleilve,1
1810,official,2
1811,smooth,3
1812,persian,4
1813,ehrim,4
1814,monastic,1
1815,cordial,1
1816,irish,20
1817,doesn‚,1
1818,horrific,1
1819,pic,66
1820,meaningless,1
1821,they‚,2
1822,goodness,1
1823,girl,1
1824,incredible,44
1825,veeeery,1
1826,cashew,1
1827,firstrate,1
1828,forgivable,2
1829,crummy,1
1830,sick,3
1831,stat,1
1832,repeat,4
1833,shredded,1
1834,preggy,4
1835,baked,12
1836,dismissal,1
1837,8th,3
